filename,source_url,query
images\car_side_view_white_background\000017.jpg,,car side view white background
images\car_side_view_white_background\000021.jpg,,car side view white background
images\car_side_view_white_background\000024.jpg,,car side view white background
images\car_side_view_white_background\000040.jpg,,car side view white background
images\car_side_view_white_background\000042.jpg,,car side view white background
images\car_side_view_white_background\000045.jpg,,car side view white background
images\suv_side_view_white_background\000001.jpg,,suv side view white background
images\suv_side_view_white_background\000007.jpg,,suv side view white background
images\suv_side_view_white_background\000018.jpg,,suv side view white background
images\suv_side_view_white_background\000021.jpg,,suv side view white background
images\suv_side_view_white_background\000033.jpg,,suv side view white background
images\suv_side_view_white_background\000038.jpg,,suv side view white background
images\suv_side_view_white_background\000042.jpg,,suv side view white background
images\sedan_side_view_white_background\000003.jpg,,sedan side view white background
images\sedan_side_view_white_background\000005.jpg,,sedan side view white background
images\sedan_side_view_white_background\000009.jpg,,sedan side view white background
images\sedan_side_view_white_background\000013.jpg,,sedan side view white background
images\sedan_side_view_white_background\000023.jpg,,sedan side view white background
images\sedan_side_view_white_background\000026.jpg,,sedan side view white background
images\sedan_side_view_white_background\000029.jpg,,sedan side view white background
images\sedan_side_view_white_background\000030.jpg,,sedan side view white background
images\sedan_side_view_white_background\000040.jpg,,sedan side view white background
images\sedan_side_view_white_background\000044.jpg,,sedan side view white background
images\car_side_profile_isolated\000012.jpg,,car side profile isolated
images\car_side_profile_isolated\000021.jpg,,car side profile isolated
images\car_side_profile_isolated\000027.jpg,,car side profile isolated
images\suv_side_profile_studio_shot\000005.jpg,,suv side profile studio shot
images\suv_side_profile_studio_shot\000006.jpg,,suv side profile studio shot
images\suv_side_profile_studio_shot\000008.jpg,,suv side profile studio shot
images\suv_side_profile_studio_shot\000010.jpg,,suv side profile studio shot
images\suv_side_profile_studio_shot\000015.jpg,,suv side profile studio shot
images\suv_side_profile_studio_shot\000018.jpg,,suv side profile studio shot
images\suv_side_profile_studio_shot\000020.jpg,,suv side profile studio shot
images\suv_side_profile_studio_shot\000023.jpg,,suv side profile studio shot
images\suv_side_profile_studio_shot\000025.jpg,,suv side profile studio shot
images\suv_side_profile_studio_shot\000026.jpg,,suv side profile studio shot
images\suv_side_profile_studio_shot\000029.jpg,,suv side profile studio shot
images\sedan_side_profile_studio_shot\000004.jpg,,sedan side profile studio shot
images\sedan_side_profile_studio_shot\000009.jpg,,sedan side profile studio shot
images\sedan_side_profile_studio_shot\000033.jpg,,sedan side profile studio shot
images\sedan_side_profile_studio_shot\000035.jpg,,sedan side profile studio shot
images\sedan_side_profile_studio_shot\000037.jpg,,sedan side profile studio shot
images\sedan_side_profile_studio_shot\000041.jpg,,sedan side profile studio shot
images\car_side_view_press_photo\000034.jpg,,car side view press photo
images\car_side_view_press_photo\000045.jpg,,car side view press photo
images\suv_side_view_press_release\000001.jpg,,suv side view press release
images\suv_side_view_press_release\000007.jpg,,suv side view press release
images\suv_side_view_press_release\000009.jpg,,suv side view press release
images\suv_side_view_press_release\000015.jpg,,suv side view press release
images\suv_side_view_press_release\000022.jpg,,suv side view press release
images\suv_side_view_press_release\000041.jpg,,suv side view press release
images\suv_side_view_press_release\000045.jpg,,suv side view press release
images\suv_side_view_press_release\000046.jpg,,suv side view press release
images\sedan_side_view_press_release\000028.jpg,,sedan side view press release
images\sedan_side_view_press_release\000032.jpg,,sedan side view press release
images\sedan_side_view_press_release\000033.jpg,,sedan side view press release
images\sedan_side_view_press_release\000039.jpg,,sedan side view press release
images\car_side_view_showroom\000018.jpg,,car side view showroom
images\car_side_view_showroom\000036.jpg,,car side view showroom
images\car_side_view_showroom\000069.jpg,,car side view showroom
images\suv_side_view_configurator\000008.jpg,,suv side view configurator
images\suv_side_view_configurator\000044.jpg,,suv side view configurator
images\sedan_side_view_configurator\000034.jpg,,sedan side view configurator
images\sedan_side_view_configurator\000046.jpg,,sedan side view configurator
images\sedan_side_view_configurator\000058.jpg,,sedan side view configurator
images\toyota_camry_side_view\000005.jpg,,toyota camry side view
